ASN00301;301
ASN00501;501
ASN00502;502
ASN00503;503
ASN00504;504
ASN00505;505
ASN00506;506
ASN00507;507
ASN00508;508
ASN00509;509
ASN00510;510
ASN00511;511
ASN00512;512
ASN00513;513
ASN00514;514
ASN00515;515
ASN00516;516
ASN00517;517
ASN00518;518
ASN00519;519
ASN00520;520
ASN00521;521
ASN00522;522
ASN00523;523
ASN00524;524
ASN00525;525
ASN00526;526
ASN00527;527
ASN00528;528
ASN00529;529
ASN00530;530
ASN00531;531
ASN00532;532
ASN00533;533
ASN00534;534
ASN00535;535
ASN00536;536
ASN00537;537
ASN00538;538
ASN00539;539
ASN00540;540
ASN00541;541
ASN00542;542
ASN00543;543
ASN00544;544
ASN00545;545
ASN00546;546
ASN00547;547
ASN00548;548
ASN00549;549
ASN00550;550
ASN00551;551
ASN00552;552
ASN00553;553
ASN00554;554
ASN00555;555
ASN00556;556
ASN00557;557
ASN00558;558
ASN00559;559
ASN00560;560
ASN00561;561
ASN00562;562
ASN00563;563
ASN00564;564
ASN00565;565
ASN00566;566
ASN00567;567
ASN00568;568
ASN00569;569
ASN00570;570
ASN00571;571
ASN00572;572
ASN00573;573
ASN00574;574
ASN00575;575
ASN00576;576
ASN00577;577
ASN00578;578
ASN00579;579
ASN00580;580
ASN00581;581
ASN00582;582
ASN00583;583
ASN00584;584
ASN00585;585
ASN00586;586
ASN00587;587
ASN00588;588
ASN00589;589
ASN00590;590
ASN00591;591
ASN00592;592
ASN00593;593
ASN00594;594
ASN00595;595
ASN00596;596
ASN00597;597
ASN00598;598
ASN00599;599
ASN00600;600
ASN00601;601
ASN00602;602
ASN00603;603
ASN00604;604
ASN00605;605
ASN00606;606
ASN00607;607
ASN00608;608
ASN00609;609
ASN00610;610
ASN00611;611
ASN00612;612
ASN00613;613
ASN00614;614
ASN00615;615
ASN00616;616
ASN00617;617
ASN00618;618
ASN00619;619
ASN00620;620
ASN00621;621
ASN00622;622
ASN00623;623
ASN00624;624
ASN00625;625
ASN00626;626
ASN00627;627
ASN00628;628
ASN00629;629
ASN00630;630
ASN00631;631
ASN00632;632
ASN00633;633
ASN00634;634
ASN00635;635
ASN00636;636
ASN00637;637
ASN00638;638
ASN00639;639
ASN00640;640
ASN00641;641
ASN00642;642
ASN00643;643
ASN00644;644
ASN00645;645
ASN00646;646
ASN00647;647
ASN00648;648
ASN00649;649
ASN00650;650
ASN00651;651
ASN00652;652
ASN00653;653
ASN00654;654
ASN00655;655
ASN00656;656
ASN00657;657
ASN00658;658
ASN00659;659
ASN00660;660
ASN00661;661
ASN00662;662
ASN00663;663
ASN00664;664
ASN00665;665
ASN00666;666
ASN00667;667
ASN00668;668
ASN00669;669
ASN00670;670
ASN00671;671
ASN00672;672
ASN00673;673
ASN00674;674
ASN00675;675
ASN00676;676
ASN00677;677
ASN00678;678
ASN00679;679
ASN00680;680
ASN00681;681
ASN00682;682
ASN00683;683
ASN00684;684
ASN00685;685
ASN00686;686
ASN00687;687
ASN00688;688
ASN00689;689
ASN00690;690
ASN00691;691
ASN00692;692
ASN00693;693
ASN00694;694
ASN00695;695
ASN00696;696
ASN00697;697
ASN00698;698
ASN00699;699
ASN00700;700
ASN00701;701
ASN00702;702
ASN00703;703
ASN00704;704
ASN00705;705
ASN00706;706
ASN00707;707
ASN00708;708
ASN00709;709
ASN00710;710
ASN00711;711
ASN00712;712
ASN00713;713
ASN00714;714
ASN00715;715
ASN00716;716
ASN00717;717
ASN00718;718
ASN00719;719
ASN00720;720
ASN00721;721
ASN00722;722
ASN00723;723
ASN00724;724
ASN00725;725
ASN00726;726
ASN00727;727
ASN00728;728
ASN00729;729
ASN00730;730
ASN00731;731
ASN00732;732
ASN00733;733
ASN00734;734
ASN00735;735
ASN00736;736
ASN00737;737
ASN00738;738
ASN00739;739
ASN00740;740
ASN00741;741
ASN00742;742
ASN00743;743
ASN00744;744
ASN00745;745
ASN00746;746
ASN00747;747
ASN00748;748
ASN00749;749
ASN00750;750
ASN00751;751
ASN00752;752
ASN00753;753
ASN00754;754
ASN00755;755
ASN00756;756
ASN00757;757
ASN00758;758
ASN00759;759
ASN00760;760
ASN00761;761
ASN00762;762
ASN00763;763
ASN00764;764
ASN00765;765
ASN00766;766
ASN00767;767
ASN00768;768
ASN00769;769
ASN00770;770
ASN00771;771
ASN00772;772
ASN00773;773
ASN00774;774
ASN00775;775
ASN00776;776
ASN00777;777
ASN00778;778
ASN00779;779
ASN00780;780
ASN00781;781
ASN00782;782
ASN00783;783
ASN00784;784
ASN00785;785
ASN00786;786
ASN00787;787
ASN00788;788
ASN00789;789
ASN00790;790
ASN00791;791
ASN00792;792
ASN00793;793
ASN00794;794
ASN00795;795
ASN00796;796
ASN00797;797
ASN00798;798
ASN00799;799
ASN00800;800
ASN00801;801
ASN00802;802
ASN00803;803
ASN00804;804
ASN00805;805
ASN00806;806
ASN00807;807
ASN00808;808
ASN00809;809
ASN00810;810
ASN00811;811
ASN00812;812
ASN00813;813
ASN00814;814
ASN00815;815
ASN00816;816
ASN00817;817
ASN00818;818
ASN00819;819
ASN00820;820
ASN00821;821
ASN00822;822
ASN00823;823
ASN00824;824
ASN00825;825
ASN00826;826
ASN00827;827
ASN00828;828
ASN00829;829
ASN00830;830
ASN00831;831
ASN00832;832
ASN00833;833
ASN00834;834
ASN00835;835
ASN00836;836
ASN00837;837
ASN00838;838
ASN00839;839
ASN00840;840
ASN00841;841
ASN00842;842
ASN00843;843
ASN00844;844
ASN00845;845
ASN00846;846
ASN00847;847
ASN00848;848
ASN00849;849
ASN00850;850
ASN00851;851
ASN00852;852
ASN00853;853
ASN00854;854
ASN00855;855
ASN00856;856
ASN00857;857
ASN00858;858
ASN00859;859
ASN00860;860
ASN00861;861
ASN00862;862
ASN00863;863
ASN00864;864
ASN00865;865
ASN00866;866
ASN00867;867
ASN00868;868
ASN00869;869
ASN00870;870
ASN00871;871
ASN00872;872
ASN00873;873
ASN00874;874
ASN00875;875
ASN00876;876
ASN00877;877
ASN00878;878
ASN00879;879
ASN00880;880
ASN00881;881
ASN00882;882
ASN00883;883
ASN00884;884
ASN00885;885
ASN00886;886
ASN00887;887
ASN00888;888
ASN00889;889
ASN00890;890
ASN00891;891
ASN00892;892
ASN00893;893
ASN00894;894
ASN00895;895
ASN00896;896
ASN00897;897
ASN00898;898
ASN00899;899
ASN00900;900
ASN00901;901
ASN00902;902
ASN00903;903
ASN00904;904
ASN00905;905
ASN00906;906
ASN00907;907
ASN00908;908
ASN00909;909
ASN00910;910
ASN00911;911
ASN00912;912
ASN00913;913
ASN00914;914
ASN00915;915
ASN00916;916
ASN00917;917
ASN00918;918
ASN00919;919
ASN00920;920
ASN00921;921
ASN00922;922
ASN00923;923
ASN00924;924
ASN00925;925
ASN00926;926
ASN00927;927
ASN00928;928
ASN00929;929
ASN00930;930
ASN00931;931
ASN00932;932
ASN00933;933
ASN00934;934
ASN00935;935
ASN00936;936
ASN00937;937
ASN00938;938
ASN00939;939
ASN00940;940
ASN00941;941
ASN00942;942
ASN00943;943
ASN00944;944
ASN00945;945
ASN00946;946
ASN00947;947
ASN00948;948
ASN00949;949
ASN00950;950
ASN00951;951
ASN00952;952
ASN00953;953
ASN00954;954
ASN00955;955
ASN00956;956
ASN00957;957
ASN00958;958
ASN00959;959
ASN00960;960
ASN00961;961
ASN00962;962
ASN00963;963
ASN00964;964
ASN00965;965
ASN00966;966
ASN00967;967
ASN00968;968
ASN00969;969
ASN00970;970
ASN00971;971
ASN00972;972
ASN00973;973
ASN00974;974
ASN00975;975
ASN00976;976
ASN00977;977
ASN00978;978
ASN00979;979
ASN00980;980
ASN00981;981
ASN00982;982
ASN00983;983
ASN00984;984
ASN00985;985
ASN00986;986
ASN00987;987
ASN00988;988
ASN00989;989
ASN00990;990
ASN00991;991
ASN00992;992
ASN00993;993
ASN00994;994
ASN00995;995
ASN00996;996
ASN00997;997
ASN00998;998
ASN00999;999
ASN01000;1000
ASN01001;1001
ASN01002;1002
ASN01003;1003
ASN01004;1004
ASN01005;1005
ASN01006;1006
ASN01007;1007
ASN01008;1008
ASN01009;1009
ASN01010;1010
ASN01011;1011
ASN01012;1012
ASN01013;1013
ASN01014;1014
ASN01015;1015
ASN01016;1016
ASN01017;1017
ASN01018;1018
ASN01019;1019
ASN01020;1020
ASN01021;1021
ASN01022;1022
ASN01023;1023
ASN01024;1024
ASN01025;1025
ASN01026;1026
ASN01027;1027
ASN01028;1028
ASN01029;1029
ASN01030;1030
ASN01031;1031
ASN01032;1032
ASN01033;1033
ASN01034;1034
ASN01035;1035
ASN01036;1036
ASN01037;1037
ASN01038;1038
ASN01039;1039
ASN01040;1040
ASN01041;1041
ASN01042;1042
ASN01043;1043
ASN01044;1044
ASN01045;1045
ASN01046;1046
ASN01047;1047
ASN01048;1048
ASN01049;1049
ASN01050;1050
ASN01051;1051
ASN01052;1052
ASN01053;1053
ASN01054;1054
ASN01055;1055
ASN01056;1056
ASN01057;1057
ASN01058;1058
ASN01059;1059
ASN01060;1060
ASN01061;1061
ASN01062;1062
ASN01063;1063
ASN01064;1064
ASN01065;1065
ASN01066;1066
ASN01067;1067
ASN01068;1068
ASN01069;1069
ASN01070;1070
ASN01071;1071
ASN01072;1072
ASN01073;1073
ASN01074;1074
ASN01075;1075
ASN01076;1076
ASN01077;1077
ASN01078;1078
ASN01079;1079
ASN01080;1080
ASN01081;1081
ASN01082;1082
ASN01083;1083
ASN01084;1084
ASN01085;1085
ASN01086;1086
ASN01087;1087
ASN01088;1088
ASN01089;1089
ASN01090;1090
ASN01091;1091
ASN01092;1092
ASN01093;1093
ASN01094;1094
ASN01095;1095
ASN01096;1096
ASN01097;1097
ASN01098;1098
ASN01099;1099
ASN01100;1100
ASN01101;1101
ASN01102;1102
ASN01103;1103
ASN01104;1104
ASN01105;1105
ASN01106;1106
ASN01107;1107
ASN01108;1108
ASN01109;1109
ASN01110;1110
ASN01111;1111
ASN01112;1112
ASN01113;1113
ASN01114;1114
ASN01115;1115
ASN01116;1116
ASN01117;1117
ASN01118;1118
ASN01119;1119
ASN01120;1120
ASN01121;1121
ASN01122;1122
ASN01123;1123
ASN01124;1124
ASN01125;1125
ASN01126;1126
ASN01127;1127
ASN01128;1128
ASN01129;1129
ASN01130;1130
ASN01131;1131
ASN01132;1132
ASN01133;1133
ASN01134;1134
ASN01135;1135
ASN01136;1136
ASN01137;1137
ASN01138;1138
ASN01139;1139
ASN01140;1140
ASN01141;1141
ASN01142;1142
ASN01143;1143
ASN01144;1144
ASN01145;1145
ASN01146;1146
ASN01147;1147
ASN01148;1148
ASN01149;1149
ASN01150;1150
ASN01151;1151
ASN01152;1152
ASN01153;1153
ASN01154;1154
ASN01155;1155
ASN01156;1156
ASN01157;1157
ASN01158;1158
ASN01159;1159
ASN01160;1160
ASN01161;1161
ASN01162;1162
ASN01163;1163
ASN01164;1164
ASN01165;1165
ASN01166;1166
ASN01167;1167
ASN01168;1168
ASN01169;1169
ASN01170;1170
ASN01171;1171
ASN01172;1172
ASN01173;1173
ASN01174;1174
ASN01175;1175
ASN01176;1176
ASN01177;1177
ASN01178;1178
ASN01179;1179
ASN01180;1180
ASN01181;1181
ASN01182;1182
ASN01183;1183
ASN01184;1184
ASN01185;1185
ASN01186;1186
ASN01187;1187
ASN01188;1188
ASN01189;1189
ASN01190;1190
ASN01191;1191
ASN01192;1192
ASN01193;1193
ASN01194;1194
ASN01195;1195
ASN01196;1196
ASN01197;1197
ASN01198;1198
ASN01199;1199
ASN01200;1200
ASN01201;1201
ASN01202;1202
ASN01203;1203
ASN01204;1204
ASN01205;1205
ASN01206;1206
ASN01207;1207
ASN01208;1208
ASN01209;1209
ASN01210;1210
ASN01211;1211
ASN01212;1212
ASN01213;1213
ASN01214;1214
ASN01215;1215
ASN01216;1216
ASN01217;1217
ASN01218;1218
ASN01219;1219
ASN01220;1220
ASN01221;1221
ASN01222;1222
ASN01223;1223
ASN01224;1224
ASN01225;1225
ASN01226;1226
ASN01227;1227
ASN01228;1228
ASN01229;1229
ASN01230;1230
ASN01231;1231
ASN01232;1232
ASN01233;1233
ASN01234;1234
ASN01235;1235
ASN01236;1236
ASN01237;1237
ASN01238;1238
ASN01239;1239
ASN01240;1240
ASN01241;1241
ASN01242;1242
ASN01243;1243
ASN01244;1244
ASN01245;1245
ASN01246;1246
ASN01247;1247
ASN01248;1248
ASN01249;1249
ASN01250;1250
ASN01251;1251
ASN01252;1252
ASN01253;1253
ASN01254;1254
ASN01255;1255
ASN01256;1256
ASN01257;1257
ASN01258;1258
ASN01259;1259
ASN01260;1260
ASN01261;1261
ASN01262;1262
ASN01263;1263
ASN01264;1264
ASN01265;1265
ASN01266;1266
ASN01267;1267
ASN01268;1268
ASN01269;1269
ASN01270;1270
ASN01271;1271
ASN01272;1272
ASN01273;1273
ASN01274;1274
ASN01275;1275
ASN01276;1276
ASN01277;1277
ASN01278;1278
ASN01279;1279
ASN01280;1280
ASN01281;1281
ASN01282;1282
ASN01283;1283
ASN01284;1284
ASN01285;1285
ASN01286;1286
ASN01287;1287
ASN01288;1288
ASN01289;1289
ASN01290;1290
ASN01291;1291
ASN01292;1292
ASN01293;1293
ASN01294;1294
ASN01295;1295
ASN01296;1296
ASN01297;1297
ASN01298;1298
ASN01299;1299
ASN01300;1300
ASN01301;1301
ASN01302;1302
ASN01303;1303
ASN01304;1304
ASN01305;1305
ASN01306;1306
ASN01307;1307
ASN01308;1308
ASN01309;1309
ASN01310;1310
ASN01311;1311
ASN01312;1312
ASN01313;1313
ASN01314;1314
ASN01315;1315
ASN01316;1316
ASN01317;1317
ASN01318;1318
ASN01319;1319
ASN01320;1320
ASN01321;1321
ASN01322;1322
ASN01323;1323
ASN01324;1324
ASN01325;1325
ASN01326;1326
ASN01327;1327
ASN01328;1328
ASN01329;1329
ASN01330;1330
ASN01331;1331
ASN01332;1332
ASN01333;1333
ASN01334;1334
ASN01335;1335
ASN01336;1336
ASN01337;1337
ASN01338;1338
ASN01339;1339
ASN01340;1340
ASN01341;1341
ASN01342;1342
ASN01343;1343
ASN01344;1344
ASN01345;1345
ASN01346;1346
ASN01347;1347
ASN01348;1348
ASN01349;1349
ASN01350;1350
ASN01351;1351
ASN01352;1352
ASN01353;1353
ASN01354;1354
ASN01355;1355
ASN01356;1356
ASN01357;1357
ASN01358;1358
ASN01359;1359
ASN01360;1360
ASN01361;1361
ASN01362;1362
ASN01363;1363
ASN01364;1364
ASN01365;1365
ASN01366;1366
ASN01367;1367
ASN01368;1368
ASN01369;1369
ASN01370;1370
ASN01371;1371
ASN01372;1372
ASN01373;1373
ASN01374;1374
ASN01375;1375
ASN01376;1376
ASN01377;1377
ASN01378;1378
ASN01379;1379
ASN01380;1380
ASN01381;1381
ASN01382;1382
ASN01383;1383
ASN01384;1384
ASN01385;1385
ASN01386;1386
ASN01387;1387
ASN01388;1388
ASN01389;1389
ASN01390;1390
ASN01391;1391
ASN01392;1392
ASN01393;1393
ASN01394;1394
ASN01395;1395
ASN01396;1396
ASN01397;1397
ASN01398;1398
ASN01399;1399
ASN01400;1400
ASN01401;1401
ASN01402;1402
ASN01403;1403
ASN01404;1404
ASN01405;1405
ASN01406;1406
ASN01407;1407
ASN01408;1408
ASN01409;1409
ASN01410;1410
ASN01411;1411
ASN01412;1412
ASN01413;1413
ASN01414;1414
ASN01415;1415
ASN01416;1416
ASN01417;1417
ASN01418;1418
ASN01419;1419
ASN01420;1420
ASN01421;1421
ASN01422;1422
ASN01423;1423
ASN01424;1424
ASN01425;1425
ASN01426;1426
ASN01427;1427
ASN01428;1428
ASN01429;1429
ASN01430;1430
ASN01431;1431
ASN01432;1432
ASN01433;1433
ASN01434;1434
ASN01435;1435
ASN01436;1436
ASN01437;1437
ASN01438;1438
ASN01439;1439
ASN01440;1440
ASN01441;1441
ASN01442;1442
ASN01443;1443
ASN01444;1444
ASN01445;1445
ASN01446;1446
ASN01447;1447
ASN01448;1448
ASN01449;1449
ASN01450;1450
ASN01451;1451
ASN01452;1452
ASN01453;1453
ASN01454;1454
ASN01455;1455
ASN01456;1456
